idTeacher,idSubject,group
1,90,1
1,90,2
1,90,3
1,90,4
1,90,5
2,78,1
2,78,2
2,78,3
2,78,4
2,78,5
3,60,1
3,60,2
3,60,3
3,60,4
3,60,5
4,94,1
4,94,2
4,94,3
4,94,4
4,94,5
5,85,1
5,85,2
5,85,3
5,85,4
5,85,5
6,175,1
6,175,2
6,175,3
6,175,4
6,175,5
7,20,1
7,20,2
7,20,3
7,20,4
7,20,5
8,95,1
8,95,2
8,95,3
8,95,4
8,95,5
9,134,1
9,134,2
9,134,3
9,134,4
9,134,5
10,93,1
10,93,2
10,93,3
10,93,4
10,93,5
11,113,1
11,113,2
11,113,3
11,113,4
11,113,5
12,63,1
12,63,2
12,63,3
12,63,4
12,63,5
13,34,1
13,34,2
13,34,3
13,34,4
13,34,5
14,36,1
14,36,2
14,36,3
14,36,4
14,36,5
15,118,1
15,118,2
15,118,3
15,118,4
15,118,5
16,27,1
16,27,2
16,27,3
16,27,4
16,27,5
17,53,1
17,53,2
17,53,3
17,53,4
17,53,5
18,168,1
18,168,2
18,168,3
18,168,4
18,168,5
19,195,1
19,195,2
19,195,3
19,195,4
19,195,5
20,3,1
20,3,2
20,3,3
20,3,4
20,3,5
21,112,1
21,112,2
21,112,3
21,112,4
21,112,5
22,194,1
22,194,2
22,194,3
22,194,4
22,194,5
23,22,1
23,22,2
23,22,3
23,22,4
23,22,5
24,184,1
24,184,2
24,184,3
24,184,4
24,184,5
25,3,1
25,3,2
25,3,3
25,3,4
25,3,5
26,39,1
26,39,2
26,39,3
26,39,4
26,39,5
27,68,1
27,68,2
27,68,3
27,68,4
27,68,5
28,154,1
28,154,2
28,154,3
28,154,4
28,154,5
29,185,1
29,185,2
29,185,3
29,185,4
29,185,5
30,70,1
30,70,2
30,70,3
30,70,4
30,70,5
31,117,1
31,117,2
31,117,3
31,117,4
31,117,5
32,107,1
32,107,2
32,107,3
32,107,4
32,107,5
33,174,1
33,174,2
33,174,3
33,174,4
33,174,5
34,150,1
34,150,2
34,150,3
34,150,4
34,150,5
35,151,1
35,151,2
35,151,3
35,151,4
35,151,5
36,112,1
36,112,2
36,112,3
36,112,4
36,112,5
37,193,1
37,193,2
37,193,3
37,193,4
37,193,5
38,46,1
38,46,2
38,46,3
38,46,4
38,46,5
39,172,1
39,172,2
39,172,3
39,172,4
39,172,5
40,137,1
40,137,2
40,137,3
40,137,4
40,137,5
41,197,1
41,197,2
41,197,3
41,197,4
41,197,5
42,90,1
42,90,2
42,90,3
42,90,4
42,90,5
43,54,1
43,54,2
43,54,3
43,54,4
43,54,5
44,60,1
44,60,2
44,60,3
44,60,4
44,60,5
45,8,1
45,8,2
45,8,3
45,8,4
45,8,5
46,146,1
46,146,2
46,146,3
46,146,4
46,146,5
47,50,1
47,50,2
47,50,3
47,50,4
47,50,5
48,126,1
48,126,2
48,126,3
48,126,4
48,126,5
49,139,1
49,139,2
49,139,3
49,139,4
49,139,5
50,156,1
50,156,2
50,156,3
50,156,4
50,156,5
51,8,1
51,8,2
51,8,3
51,8,4
51,8,5
52,148,1
52,148,2
52,148,3
52,148,4
52,148,5
53,33,1
53,33,2
53,33,3
53,33,4
53,33,5
54,153,1
54,153,2
54,153,3
54,153,4
54,153,5
55,117,1
55,117,2
55,117,3
55,117,4
55,117,5
56,46,1
56,46,2
56,46,3
56,46,4
56,46,5
57,68,1
57,68,2
57,68,3
57,68,4
57,68,5
58,125,1
58,125,2
58,125,3
58,125,4
58,125,5
59,75,1
59,75,2
59,75,3
59,75,4
59,75,5
60,159,1
60,159,2
60,159,3
60,159,4
60,159,5
61,32,1
61,32,2
61,32,3
61,32,4
61,32,5
62,72,1
62,72,2
62,72,3
62,72,4
62,72,5
63,144,1
63,144,2
63,144,3
63,144,4
63,144,5
64,107,1
64,107,2
64,107,3
64,107,4
64,107,5
65,132,1
65,132,2
65,132,3
65,132,4
65,132,5
66,36,1
66,36,2
66,36,3
66,36,4
66,36,5
67,40,1
67,40,2
67,40,3
67,40,4
67,40,5
68,137,1
68,137,2
68,137,3
68,137,4
68,137,5
69,194,1
69,194,2
69,194,3
69,194,4
69,194,5
70,106,1
70,106,2
70,106,3
70,106,4
70,106,5
71,69,1
71,69,2
71,69,3
71,69,4
71,69,5
72,167,1
72,167,2
72,167,3
72,167,4
72,167,5
73,6,1
73,6,2
73,6,3
73,6,4
73,6,5
74,175,1
74,175,2
74,175,3
74,175,4
74,175,5
75,12,1
75,12,2
75,12,3
75,12,4
75,12,5
76,71,1
76,71,2
76,71,3
76,71,4
76,71,5
77,35,1
77,35,2
77,35,3
77,35,4
77,35,5
78,99,1
78,99,2
78,99,3
78,99,4
78,99,5
79,138,1
79,138,2
79,138,3
79,138,4
79,138,5
80,98,1
80,98,2
80,98,3
80,98,4
80,98,5
81,37,1
81,37,2
81,37,3
81,37,4
81,37,5
82,93,1
82,93,2
82,93,3
82,93,4
82,93,5
83,30,1
83,30,2
83,30,3
83,30,4
83,30,5
84,115,1
84,115,2
84,115,3
84,115,4
84,115,5
85,55,1
85,55,2
85,55,3
85,55,4
85,55,5
86,61,1
86,61,2
86,61,3
86,61,4
86,61,5
87,150,1
87,150,2
87,150,3
87,150,4
87,150,5
88,161,1
88,161,2
88,161,3
88,161,4
88,161,5
89,171,1
89,171,2
89,171,3
89,171,4
89,171,5
90,177,1
90,177,2
90,177,3
90,177,4
90,177,5
91,139,1
91,139,2
91,139,3
91,139,4
91,139,5
92,155,1
92,155,2
92,155,3
92,155,4
92,155,5
93,67,1
93,67,2
93,67,3
93,67,4
93,67,5
94,98,1
94,98,2
94,98,3
94,98,4
94,98,5
95,194,1
95,194,2
95,194,3
95,194,4
95,194,5
96,62,1
96,62,2
96,62,3
96,62,4
96,62,5
97,17,1
97,17,2
97,17,3
97,17,4
97,17,5
98,51,1
98,51,2
98,51,3
98,51,4
98,51,5
99,64,1
99,64,2
99,64,3
99,64,4
99,64,5
100,122,1
100,122,2
100,122,3
100,122,4
100,122,5
101,16,1
101,16,2
101,16,3
101,16,4
101,16,5
102,86,1
102,86,2
102,86,3
102,86,4
102,86,5
103,122,1
103,122,2
103,122,3
103,122,4
103,122,5
104,89,1
104,89,2
104,89,3
104,89,4
104,89,5
105,61,1
105,61,2
105,61,3
105,61,4
105,61,5
106,3,1
106,3,2
106,3,3
106,3,4
106,3,5
107,132,1
107,132,2
107,132,3
107,132,4
107,132,5
108,182,1
108,182,2
108,182,3
108,182,4
108,182,5
109,9,1
109,9,2
109,9,3
109,9,4
109,9,5
110,62,1
110,62,2
110,62,3
110,62,4
110,62,5
111,102,1
111,102,2
111,102,3
111,102,4
111,102,5
112,52,1
112,52,2
112,52,3
112,52,4
112,52,5
113,43,1
113,43,2
113,43,3
113,43,4
113,43,5
114,110,1
114,110,2
114,110,3
114,110,4
114,110,5
115,111,1
115,111,2
115,111,3
115,111,4
115,111,5
116,153,1
116,153,2
116,153,3
116,153,4
116,153,5
117,115,1
117,115,2
117,115,3
117,115,4
117,115,5
118,58,1
118,58,2
118,58,3
118,58,4
118,58,5
119,127,1
119,127,2
119,127,3
119,127,4
119,127,5
120,178,1
120,178,2
120,178,3
120,178,4
120,178,5
121,162,1
121,162,2
121,162,3
121,162,4
121,162,5
122,31,1
122,31,2
122,31,3
122,31,4
122,31,5
123,138,1
123,138,2
123,138,3
123,138,4
123,138,5
124,39,1
124,39,2
124,39,3
124,39,4
124,39,5
125,41,1
125,41,2
125,41,3
125,41,4
125,41,5
126,2,1
126,2,2
126,2,3
126,2,4
126,2,5
127,111,1
127,111,2
127,111,3
127,111,4
127,111,5
128,43,1
128,43,2
128,43,3
128,43,4
128,43,5
129,151,1
129,151,2
129,151,3
129,151,4
129,151,5
130,133,1
130,133,2
130,133,3
130,133,4
130,133,5
131,114,1
131,114,2
131,114,3
131,114,4
131,114,5
132,181,1
132,181,2
132,181,3
132,181,4
132,181,5
133,67,1
133,67,2
133,67,3
133,67,4
133,67,5
134,12,1
134,12,2
134,12,3
134,12,4
134,12,5
135,155,1
135,155,2
135,155,3
135,155,4
135,155,5
136,106,1
136,106,2
136,106,3
136,106,4
136,106,5
137,42,1
137,42,2
137,42,3
137,42,4
137,42,5
138,190,1
138,190,2
138,190,3
138,190,4
138,190,5
139,91,1
139,91,2
139,91,3
139,91,4
139,91,5
140,87,1
140,87,2
140,87,3
140,87,4
140,87,5
141,152,1
141,152,2
141,152,3
141,152,4
141,152,5
142,183,1
142,183,2
142,183,3
142,183,4
142,183,5
143,21,1
143,21,2
143,21,3
143,21,4
143,21,5
144,51,1
144,51,2
144,51,3
144,51,4
144,51,5
145,146,1
145,146,2
145,146,3
145,146,4
145,146,5
146,104,1
146,104,2
146,104,3
146,104,4
146,104,5
147,143,1
147,143,2
147,143,3
147,143,4
147,143,5
148,168,1
148,168,2
148,168,3
148,168,4
148,168,5
149,59,1
149,59,2
149,59,3
149,59,4
149,59,5
150,59,1
150,59,2
150,59,3
150,59,4
150,59,5
151,58,1
151,58,2
151,58,3
151,58,4
151,58,5
152,188,1
152,188,2
152,188,3
152,188,4
152,188,5
153,177,1
153,177,2
153,177,3
153,177,4
153,177,5
154,119,1
154,119,2
154,119,3
154,119,4
154,119,5
155,3,1
155,3,2
155,3,3
155,3,4
155,3,5
156,43,1
156,43,2
156,43,3
156,43,4
156,43,5
157,140,1
157,140,2
157,140,3
157,140,4
157,140,5
158,170,1
158,170,2
158,170,3
158,170,4
158,170,5
159,37,1
159,37,2
159,37,3
159,37,4
159,37,5
160,100,1
160,100,2
160,100,3
160,100,4
160,100,5
161,162,1
161,162,2
161,162,3
161,162,4
161,162,5
162,81,1
162,81,2
162,81,3
162,81,4
162,81,5
163,7,1
163,7,2
163,7,3
163,7,4
163,7,5
164,164,1
164,164,2
164,164,3
164,164,4
164,164,5
165,163,1
165,163,2
165,163,3
165,163,4
165,163,5
166,116,1
166,116,2
166,116,3
166,116,4
166,116,5
167,127,1
167,127,2
167,127,3
167,127,4
167,127,5
168,55,1
168,55,2
168,55,3
168,55,4
168,55,5
169,129,1
169,129,2
169,129,3
169,129,4
169,129,5
170,96,1
170,96,2
170,96,3
170,96,4
170,96,5
171,177,1
171,177,2
171,177,3
171,177,4
171,177,5
172,86,1
172,86,2
172,86,3
172,86,4
172,86,5
173,151,1
173,151,2
173,151,3
173,151,4
173,151,5
174,167,1
174,167,2
174,167,3
174,167,4
174,167,5
175,58,1
175,58,2
175,58,3
175,58,4
175,58,5
176,143,1
176,143,2
176,143,3
176,143,4
176,143,5
177,63,1
177,63,2
177,63,3
177,63,4
177,63,5
178,18,1
178,18,2
178,18,3
178,18,4
178,18,5
179,182,1
179,182,2
179,182,3
179,182,4
179,182,5
180,84,1
180,84,2
180,84,3
180,84,4
180,84,5
181,87,1
181,87,2
181,87,3
181,87,4
181,87,5
182,74,1
182,74,2
182,74,3
182,74,4
182,74,5
183,172,1
183,172,2
183,172,3
183,172,4
183,172,5
184,117,1
184,117,2
184,117,3
184,117,4
184,117,5
185,21,1
185,21,2
185,21,3
185,21,4
185,21,5
186,146,1
186,146,2
186,146,3
186,146,4
186,146,5
187,36,1
187,36,2
187,36,3
187,36,4
187,36,5
188,18,1
188,18,2
188,18,3
188,18,4
188,18,5
189,153,1
189,153,2
189,153,3
189,153,4
189,153,5
190,9,1
190,9,2
190,9,3
190,9,4
190,9,5
191,180,1
191,180,2
191,180,3
191,180,4
191,180,5
192,144,1
192,144,2
192,144,3
192,144,4
192,144,5
193,41,1
193,41,2
193,41,3
193,41,4
193,41,5
194,158,1
194,158,2
194,158,3
194,158,4
194,158,5
195,53,1
195,53,2
195,53,3
195,53,4
195,53,5
196,75,1
196,75,2
196,75,3
196,75,4
196,75,5
197,165,1
197,165,2
197,165,3
197,165,4
197,165,5
198,190,1
198,190,2
198,190,3
198,190,4
198,190,5
199,57,1
199,57,2
199,57,3
199,57,4
199,57,5
200,160,1
200,160,2
200,160,3
200,160,4
200,160,5
201,92,1
201,92,2
201,92,3
201,92,4
201,92,5
202,200,1
202,200,2
202,200,3
202,200,4
202,200,5
203,39,1
203,39,2
203,39,3
203,39,4
203,39,5
204,67,1
204,67,2
204,67,3
204,67,4
204,67,5
205,174,1
205,174,2
205,174,3
205,174,4
205,174,5
206,191,1
206,191,2
206,191,3
206,191,4
206,191,5
207,76,1
207,76,2
207,76,3
207,76,4
207,76,5
208,106,1
208,106,2
208,106,3
208,106,4
208,106,5
209,50,1
209,50,2
209,50,3
209,50,4
209,50,5
210,139,1
210,139,2
210,139,3
210,139,4
210,139,5
211,89,1
211,89,2
211,89,3
211,89,4
211,89,5
212,17,1
212,17,2
212,17,3
212,17,4
212,17,5
213,97,1
213,97,2
213,97,3
213,97,4
213,97,5
214,182,1
214,182,2
214,182,3
214,182,4
214,182,5
215,30,1
215,30,2
215,30,3
215,30,4
215,30,5
216,74,1
216,74,2
216,74,3
216,74,4
216,74,5
217,39,1
217,39,2
217,39,3
217,39,4
217,39,5
218,159,1
218,159,2
218,159,3
218,159,4
218,159,5
219,101,1
219,101,2
219,101,3
219,101,4
219,101,5
220,61,1
220,61,2
220,61,3
220,61,4
220,61,5
221,163,1
221,163,2
221,163,3
221,163,4
221,163,5
222,107,1
222,107,2
222,107,3
222,107,4
222,107,5
223,108,1
223,108,2
223,108,3
223,108,4
223,108,5
224,78,1
224,78,2
224,78,3
224,78,4
224,78,5
225,168,1
225,168,2
225,168,3
225,168,4
225,168,5
226,23,1
226,23,2
226,23,3
226,23,4
226,23,5
227,26,1
227,26,2
227,26,3
227,26,4
227,26,5
228,126,1
228,126,2
228,126,3
228,126,4
228,126,5
229,92,1
229,92,2
229,92,3
229,92,4
229,92,5
230,95,1
230,95,2
230,95,3
230,95,4
230,95,5
231,154,1
231,154,2
231,154,3
231,154,4
231,154,5
232,16,1
232,16,2
232,16,3
232,16,4
232,16,5
233,47,1
233,47,2
233,47,3
233,47,4
233,47,5
234,48,1
234,48,2
234,48,3
234,48,4
234,48,5
235,108,1
235,108,2
235,108,3
235,108,4
235,108,5
236,24,1
236,24,2
236,24,3
236,24,4
236,24,5
237,39,1
237,39,2
237,39,3
237,39,4
237,39,5
238,70,1
238,70,2
238,70,3
238,70,4
238,70,5
239,83,1
239,83,2
239,83,3
239,83,4
239,83,5
240,164,1
240,164,2
240,164,3
240,164,4
240,164,5
241,94,1
241,94,2
241,94,3
241,94,4
241,94,5
242,11,1
242,11,2
242,11,3
242,11,4
242,11,5
243,99,1
243,99,2
243,99,3
243,99,4
243,99,5
244,152,1
244,152,2
244,152,3
244,152,4
244,152,5
245,22,1
245,22,2
245,22,3
245,22,4
245,22,5
246,142,1
246,142,2
246,142,3
246,142,4
246,142,5
247,143,1
247,143,2
247,143,3
247,143,4
247,143,5
248,47,1
248,47,2
248,47,3
248,47,4
248,47,5
249,50,1
249,50,2
249,50,3
249,50,4
249,50,5
250,98,1
250,98,2
250,98,3
250,98,4
250,98,5
251,140,1
251,140,2
251,140,3
251,140,4
251,140,5
252,68,1
252,68,2
252,68,3
252,68,4
252,68,5
253,90,1
253,90,2
253,90,3
253,90,4
253,90,5
254,91,1
254,91,2
254,91,3
254,91,4
254,91,5
255,64,1
255,64,2
255,64,3
255,64,4
255,64,5
256,132,1
256,132,2
256,132,3
256,132,4
256,132,5
257,167,1
257,167,2
257,167,3
257,167,4
257,167,5
258,118,1
258,118,2
258,118,3
258,118,4
258,118,5
259,55,1
259,55,2
259,55,3
259,55,4
259,55,5
260,16,1
260,16,2
260,16,3
260,16,4
260,16,5
261,186,1
261,186,2
261,186,3
261,186,4
261,186,5
262,168,1
262,168,2
262,168,3
262,168,4
262,168,5
263,124,1
263,124,2
263,124,3
263,124,4
263,124,5
264,29,1
264,29,2
264,29,3
264,29,4
264,29,5
265,102,1
265,102,2
265,102,3
265,102,4
265,102,5
266,87,1
266,87,2
266,87,3
266,87,4
266,87,5
267,92,1
267,92,2
267,92,3
267,92,4
267,92,5
268,68,1
268,68,2
268,68,3
268,68,4
268,68,5
269,171,1
269,171,2
269,171,3
269,171,4
269,171,5
270,162,1
270,162,2
270,162,3
270,162,4
270,162,5
271,69,1
271,69,2
271,69,3
271,69,4
271,69,5
272,161,1
272,161,2
272,161,3
272,161,4
272,161,5
273,1,1
273,1,2
273,1,3
273,1,4
273,1,5
274,67,1
274,67,2
274,67,3
274,67,4
274,67,5
275,200,1
275,200,2
275,200,3
275,200,4
275,200,5
276,111,1
276,111,2
276,111,3
276,111,4
276,111,5
277,195,1
277,195,2
277,195,3
277,195,4
277,195,5
278,168,1
278,168,2
278,168,3
278,168,4
278,168,5
279,34,1
279,34,2
279,34,3
279,34,4
279,34,5
280,34,1
280,34,2
280,34,3
280,34,4
280,34,5
281,54,1
281,54,2
281,54,3
281,54,4
281,54,5
282,75,1
282,75,2
282,75,3
282,75,4
282,75,5
283,110,1
283,110,2
283,110,3
283,110,4
283,110,5
284,177,1
284,177,2
284,177,3
284,177,4
284,177,5
285,40,1
285,40,2
285,40,3
285,40,4
285,40,5
286,67,1
286,67,2
286,67,3
286,67,4
286,67,5
287,67,1
287,67,2
287,67,3
287,67,4
287,67,5
288,179,1
288,179,2
288,179,3
288,179,4
288,179,5
289,56,1
289,56,2
289,56,3
289,56,4
289,56,5
290,115,1
290,115,2
290,115,3
290,115,4
290,115,5
291,62,1
291,62,2
291,62,3
291,62,4
291,62,5
292,195,1
292,195,2
292,195,3
292,195,4
292,195,5
293,86,1
293,86,2
293,86,3
293,86,4
293,86,5
294,169,1
294,169,2
294,169,3
294,169,4
294,169,5
295,114,1
295,114,2
295,114,3
295,114,4
295,114,5
296,99,1
296,99,2
296,99,3
296,99,4
296,99,5
297,171,1
297,171,2
297,171,3
297,171,4
297,171,5
298,30,1
298,30,2
298,30,3
298,30,4
298,30,5
299,105,1
299,105,2
299,105,3
299,105,4
299,105,5
300,11,1
300,11,2
300,11,3
300,11,4
300,11,5
301,93,1
301,93,2
301,93,3
301,93,4
301,93,5
302,95,1
302,95,2
302,95,3
302,95,4
302,95,5
303,3,1
303,3,2
303,3,3
303,3,4
303,3,5
304,164,1
304,164,2
304,164,3
304,164,4
304,164,5
305,162,1
305,162,2
305,162,3
305,162,4
305,162,5
306,183,1
306,183,2
306,183,3
306,183,4
306,183,5
307,142,1
307,142,2
307,142,3
307,142,4
307,142,5
308,114,1
308,114,2
308,114,3
308,114,4
308,114,5
309,19,1
309,19,2
309,19,3
309,19,4
309,19,5
310,37,1
310,37,2
310,37,3
310,37,4
310,37,5
311,20,1
311,20,2
311,20,3
311,20,4
311,20,5
312,108,1
312,108,2
312,108,3
312,108,4
312,108,5
313,197,1
313,197,2
313,197,3
313,197,4
313,197,5
314,199,1
314,199,2
314,199,3
314,199,4
314,199,5
315,44,1
315,44,2
315,44,3
315,44,4
315,44,5
316,8,1
316,8,2
316,8,3
316,8,4
316,8,5
317,22,1
317,22,2
317,22,3
317,22,4
317,22,5
318,171,1
318,171,2
318,171,3
318,171,4
318,171,5
319,188,1
319,188,2
319,188,3
319,188,4
319,188,5
320,119,1
320,119,2
320,119,3
320,119,4
320,119,5
321,137,1
321,137,2
321,137,3
321,137,4
321,137,5
322,155,1
322,155,2
322,155,3
322,155,4
322,155,5
323,96,1
323,96,2
323,96,3
323,96,4
323,96,5
324,2,1
324,2,2
324,2,3
324,2,4
324,2,5
325,179,1
325,179,2
325,179,3
325,179,4
325,179,5
326,25,1
326,25,2
326,25,3
326,25,4
326,25,5
327,167,1
327,167,2
327,167,3
327,167,4
327,167,5
328,127,1
328,127,2
328,127,3
328,127,4
328,127,5
329,3,1
329,3,2
329,3,3
329,3,4
329,3,5
330,26,1
330,26,2
330,26,3
330,26,4
330,26,5
331,157,1
331,157,2
331,157,3
331,157,4
331,157,5
332,98,1
332,98,2
332,98,3
332,98,4
332,98,5
333,170,1
333,170,2
333,170,3
333,170,4
333,170,5
334,75,1
334,75,2
334,75,3
334,75,4
334,75,5
335,182,1
335,182,2
335,182,3
335,182,4
335,182,5
336,30,1
336,30,2
336,30,3
336,30,4
336,30,5
337,104,1
337,104,2
337,104,3
337,104,4
337,104,5
338,24,1
338,24,2
338,24,3
338,24,4
338,24,5
339,134,1
339,134,2
339,134,3
339,134,4
339,134,5
340,117,1
340,117,2
340,117,3
340,117,4
340,117,5
341,72,1
341,72,2
341,72,3
341,72,4
341,72,5
342,114,1
342,114,2
342,114,3
342,114,4
342,114,5
343,139,1
343,139,2
343,139,3
343,139,4
343,139,5
344,37,1
344,37,2
344,37,3
344,37,4
344,37,5
345,19,1
345,19,2
345,19,3
345,19,4
345,19,5
346,8,1
346,8,2
346,8,3
346,8,4
346,8,5
347,136,1
347,136,2
347,136,3
347,136,4
347,136,5
348,179,1
348,179,2
348,179,3
348,179,4
348,179,5
349,91,1
349,91,2
349,91,3
349,91,4
349,91,5
350,15,1
350,15,2
350,15,3
350,15,4
350,15,5
351,43,1
351,43,2
351,43,3
351,43,4
351,43,5
352,98,1
352,98,2
352,98,3
352,98,4
352,98,5
353,197,1
353,197,2
353,197,3
353,197,4
353,197,5
354,61,1
354,61,2
354,61,3
354,61,4
354,61,5
355,158,1
355,158,2
355,158,3
355,158,4
355,158,5
356,8,1
356,8,2
356,8,3
356,8,4
356,8,5
357,161,1
357,161,2
357,161,3
357,161,4
357,161,5
358,124,1
358,124,2
358,124,3
358,124,4
358,124,5
359,22,1
359,22,2
359,22,3
359,22,4
359,22,5
360,137,1
360,137,2
360,137,3
360,137,4
360,137,5
361,63,1
361,63,2
361,63,3
361,63,4
361,63,5
362,31,1
362,31,2
362,31,3
362,31,4
362,31,5
363,59,1
363,59,2
363,59,3
363,59,4
363,59,5
364,137,1
364,137,2
364,137,3
364,137,4
364,137,5
365,182,1
365,182,2
365,182,3
365,182,4
365,182,5
366,174,1
366,174,2
366,174,3
366,174,4
366,174,5
367,54,1
367,54,2
367,54,3
367,54,4
367,54,5
368,36,1
368,36,2
368,36,3
368,36,4
368,36,5
369,44,1
369,44,2
369,44,3
369,44,4
369,44,5
370,80,1
370,80,2
370,80,3
370,80,4
370,80,5
371,163,1
371,163,2
371,163,3
371,163,4
371,163,5
372,179,1
372,179,2
372,179,3
372,179,4
372,179,5
373,168,1
373,168,2
373,168,3
373,168,4
373,168,5
374,182,1
374,182,2
374,182,3
374,182,4
374,182,5
375,76,1
375,76,2
375,76,3
375,76,4
375,76,5
376,89,1
376,89,2
376,89,3
376,89,4
376,89,5
377,2,1
377,2,2
377,2,3
377,2,4
377,2,5
378,162,1
378,162,2
378,162,3
378,162,4
378,162,5
379,85,1
379,85,2
379,85,3
379,85,4
379,85,5
380,146,1
380,146,2
380,146,3
380,146,4
380,146,5
381,12,1
381,12,2
381,12,3
381,12,4
381,12,5
382,94,1
382,94,2
382,94,3
382,94,4
382,94,5
383,64,1
383,64,2
383,64,3
383,64,4
383,64,5
384,86,1
384,86,2
384,86,3
384,86,4
384,86,5
385,97,1
385,97,2
385,97,3
385,97,4
385,97,5
386,52,1
386,52,2
386,52,3
386,52,4
386,52,5
387,24,1
387,24,2
387,24,3
387,24,4
387,24,5
388,22,1
388,22,2
388,22,3
388,22,4
388,22,5
389,149,1
389,149,2
389,149,3
389,149,4
389,149,5
390,42,1
390,42,2
390,42,3
390,42,4
390,42,5
391,119,1
391,119,2
391,119,3
391,119,4
391,119,5
392,200,1
392,200,2
392,200,3
392,200,4
392,200,5
393,67,1
393,67,2
393,67,3
393,67,4
393,67,5
394,49,1
394,49,2
394,49,3
394,49,4
394,49,5
395,122,1
395,122,2
395,122,3
395,122,4
395,122,5
396,8,1
396,8,2
396,8,3
396,8,4
396,8,5
397,196,1
397,196,2
397,196,3
397,196,4
397,196,5
398,12,1
398,12,2
398,12,3
398,12,4
398,12,5
399,91,1
399,91,2
399,91,3
399,91,4
399,91,5
400,188,1
400,188,2
400,188,3
400,188,4
400,188,5
401,157,1
401,157,2
401,157,3
401,157,4
401,157,5
402,187,1
402,187,2
402,187,3
402,187,4
402,187,5
403,151,1
403,151,2
403,151,3
403,151,4
403,151,5
404,141,1
404,141,2
404,141,3
404,141,4
404,141,5
405,151,1
405,151,2
405,151,3
405,151,4
405,151,5
406,197,1
406,197,2
406,197,3
406,197,4
406,197,5
407,44,1
407,44,2
407,44,3
407,44,4
407,44,5
408,22,1
408,22,2
408,22,3
408,22,4
408,22,5
409,78,1
409,78,2
409,78,3
409,78,4
409,78,5
410,106,1
410,106,2
410,106,3
410,106,4
410,106,5
411,128,1
411,128,2
411,128,3
411,128,4
411,128,5
412,119,1
412,119,2
412,119,3
412,119,4
412,119,5
413,8,1
413,8,2
413,8,3
413,8,4
413,8,5
414,196,1
414,196,2
414,196,3
414,196,4
414,196,5
415,30,1
415,30,2
415,30,3
415,30,4
415,30,5
416,55,1
416,55,2
416,55,3
416,55,4
416,55,5
417,33,1
417,33,2
417,33,3
417,33,4
417,33,5
418,46,1
418,46,2
418,46,3
418,46,4
418,46,5
419,122,1
419,122,2
419,122,3
419,122,4
419,122,5
420,161,1
420,161,2
420,161,3
420,161,4
420,161,5
421,63,1
421,63,2
421,63,3
421,63,4
421,63,5
422,118,1
422,118,2
422,118,3
422,118,4
422,118,5
423,43,1
423,43,2
423,43,3
423,43,4
423,43,5
424,35,1
424,35,2
424,35,3
424,35,4
424,35,5
425,28,1
425,28,2
425,28,3
425,28,4
425,28,5
426,157,1
426,157,2
426,157,3
426,157,4
426,157,5
427,69,1
427,69,2
427,69,3
427,69,4
427,69,5
428,86,1
428,86,2
428,86,3
428,86,4
428,86,5
429,174,1
429,174,2
429,174,3
429,174,4
429,174,5
430,132,1
430,132,2
430,132,3
430,132,4
430,132,5
431,58,1
431,58,2
431,58,3
431,58,4
431,58,5
432,50,1
432,50,2
432,50,3
432,50,4
432,50,5
433,195,1
433,195,2
433,195,3
433,195,4
433,195,5
434,28,1
434,28,2
434,28,3
434,28,4
434,28,5
435,107,1
435,107,2
435,107,3
435,107,4
435,107,5
436,83,1
436,83,2
436,83,3
436,83,4
436,83,5
437,139,1
437,139,2
437,139,3
437,139,4
437,139,5
438,193,1
438,193,2
438,193,3
438,193,4
438,193,5
439,103,1
439,103,2
439,103,3
439,103,4
439,103,5
440,183,1
440,183,2
440,183,3
440,183,4
440,183,5
441,167,1
441,167,2
441,167,3
441,167,4
441,167,5
442,52,1
442,52,2
442,52,3
442,52,4
442,52,5
443,184,1
443,184,2
443,184,3
443,184,4
443,184,5
444,109,1
444,109,2
444,109,3
444,109,4
444,109,5
445,83,1
445,83,2
445,83,3
445,83,4
445,83,5
446,193,1
446,193,2
446,193,3
446,193,4
446,193,5
447,9,1
447,9,2
447,9,3
447,9,4
447,9,5
448,72,1
448,72,2
448,72,3
448,72,4
448,72,5
449,195,1
449,195,2
449,195,3
449,195,4
449,195,5
450,146,1
450,146,2
450,146,3
450,146,4
450,146,5
451,31,1
451,31,2
451,31,3
451,31,4
451,31,5
452,54,1
452,54,2
452,54,3
452,54,4
452,54,5
453,33,1
453,33,2
453,33,3
453,33,4
453,33,5
454,12,1
454,12,2
454,12,3
454,12,4
454,12,5
455,12,1
455,12,2
455,12,3
455,12,4
455,12,5
456,190,1
456,190,2
456,190,3
456,190,4
456,190,5
457,15,1
457,15,2
457,15,3
457,15,4
457,15,5
458,185,1
458,185,2
458,185,3
458,185,4
458,185,5
459,118,1
459,118,2
459,118,3
459,118,4
459,118,5
460,28,1
460,28,2
460,28,3
460,28,4
460,28,5
461,33,1
461,33,2
461,33,3
461,33,4
461,33,5
462,56,1
462,56,2
462,56,3
462,56,4
462,56,5
463,5,1
463,5,2
463,5,3
463,5,4
463,5,5
464,65,1
464,65,2
464,65,3
464,65,4
464,65,5
465,20,1
465,20,2
465,20,3
465,20,4
465,20,5
466,182,1
466,182,2
466,182,3
466,182,4
466,182,5
467,156,1
467,156,2
467,156,3
467,156,4
467,156,5
468,185,1
468,185,2
468,185,3
468,185,4
468,185,5
469,123,1
469,123,2
469,123,3
469,123,4
469,123,5
470,50,1
470,50,2
470,50,3
470,50,4
470,50,5
471,87,1
471,87,2
471,87,3
471,87,4
471,87,5
472,31,1
472,31,2
472,31,3
472,31,4
472,31,5
473,48,1
473,48,2
473,48,3
473,48,4
473,48,5
474,158,1
474,158,2
474,158,3
474,158,4
474,158,5
475,39,1
475,39,2
475,39,3
475,39,4
475,39,5
476,110,1
476,110,2
476,110,3
476,110,4
476,110,5
477,123,1
477,123,2
477,123,3
477,123,4
477,123,5
478,54,1
478,54,2
478,54,3
478,54,4
478,54,5
479,54,1
479,54,2
479,54,3
479,54,4
479,54,5
480,41,1
480,41,2
480,41,3
480,41,4
480,41,5
481,189,1
481,189,2
481,189,3
481,189,4
481,189,5
482,147,1
482,147,2
482,147,3
482,147,4
482,147,5
483,192,1
483,192,2
483,192,3
483,192,4
483,192,5
484,19,1
484,19,2
484,19,3
484,19,4
484,19,5
485,81,1
485,81,2
485,81,3
485,81,4
485,81,5
486,168,1
486,168,2
486,168,3
486,168,4
486,168,5
487,182,1
487,182,2
487,182,3
487,182,4
487,182,5
488,106,1
488,106,2
488,106,3
488,106,4
488,106,5
489,180,1
489,180,2
489,180,3
489,180,4
489,180,5
490,32,1
490,32,2
490,32,3
490,32,4
490,32,5
491,161,1
491,161,2
491,161,3
491,161,4
491,161,5
492,190,1
492,190,2
492,190,3
492,190,4
492,190,5
493,95,1
493,95,2
493,95,3
493,95,4
493,95,5
494,110,1
494,110,2
494,110,3
494,110,4
494,110,5
495,94,1
495,94,2
495,94,3
495,94,4
495,94,5
496,17,1
496,17,2
496,17,3
496,17,4
496,17,5
497,43,1
497,43,2
497,43,3
497,43,4
497,43,5
498,89,1
498,89,2
498,89,3
498,89,4
498,89,5
499,148,1
499,148,2
499,148,3
499,148,4
499,148,5
500,112,1
500,112,2
500,112,3
500,112,4
500,112,5
501,188,1
501,188,2
501,188,3
501,188,4
501,188,5
502,125,1
502,125,2
502,125,3
502,125,4
502,125,5
503,152,1
503,152,2
503,152,3
503,152,4
503,152,5
504,97,1
504,97,2
504,97,3
504,97,4
504,97,5
505,163,1
505,163,2
505,163,3
505,163,4
505,163,5
506,194,1
506,194,2
506,194,3
506,194,4
506,194,5
507,196,1
507,196,2
507,196,3
507,196,4
507,196,5
508,185,1
508,185,2
508,185,3
508,185,4
508,185,5
509,96,1
509,96,2
509,96,3
509,96,4
509,96,5
510,141,1
510,141,2
510,141,3
510,141,4
510,141,5
511,124,1
511,124,2
511,124,3
511,124,4
511,124,5
512,108,1
512,108,2
512,108,3
512,108,4
512,108,5
513,182,1
513,182,2
513,182,3
513,182,4
513,182,5
514,174,1
514,174,2
514,174,3
514,174,4
514,174,5
515,164,1
515,164,2
515,164,3
515,164,4
515,164,5
516,134,1
516,134,2
516,134,3
516,134,4
516,134,5
517,193,1
517,193,2
517,193,3
517,193,4
517,193,5
518,67,1
518,67,2
518,67,3
518,67,4
518,67,5
519,88,1
519,88,2
519,88,3
519,88,4
519,88,5
520,11,1
520,11,2
520,11,3
520,11,4
520,11,5
521,164,1
521,164,2
521,164,3
521,164,4
521,164,5
522,154,1
522,154,2
522,154,3
522,154,4
522,154,5
523,119,1
523,119,2
523,119,3
523,119,4
523,119,5
524,94,1
524,94,2
524,94,3
524,94,4
524,94,5
525,167,1
525,167,2
525,167,3
525,167,4
525,167,5
526,126,1
526,126,2
526,126,3
526,126,4
526,126,5
527,96,1
527,96,2
527,96,3
527,96,4
527,96,5
528,116,1
528,116,2
528,116,3
528,116,4
528,116,5
529,15,1
529,15,2
529,15,3
529,15,4
529,15,5
530,124,1
530,124,2
530,124,3
530,124,4
530,124,5
531,127,1
531,127,2
531,127,3
531,127,4
531,127,5
532,49,1
532,49,2
532,49,3
532,49,4
532,49,5
533,169,1
533,169,2
533,169,3
533,169,4
533,169,5
534,124,1
534,124,2
534,124,3
534,124,4
534,124,5
535,80,1
535,80,2
535,80,3
535,80,4
535,80,5
536,32,1
536,32,2
536,32,3
536,32,4
536,32,5
537,81,1
537,81,2
537,81,3
537,81,4
537,81,5
538,102,1
538,102,2
538,102,3
538,102,4
538,102,5
539,99,1
539,99,2
539,99,3
539,99,4
539,99,5
540,15,1
540,15,2
540,15,3
540,15,4
540,15,5
541,75,1
541,75,2
541,75,3
541,75,4
541,75,5
542,130,1
542,130,2
542,130,3
542,130,4
542,130,5
543,149,1
543,149,2
543,149,3
543,149,4
543,149,5
544,35,1
544,35,2
544,35,3
544,35,4
544,35,5
545,141,1
545,141,2
545,141,3
545,141,4
545,141,5
546,126,1
546,126,2
546,126,3
546,126,4
546,126,5
547,94,1
547,94,2
547,94,3
547,94,4
547,94,5
548,95,1
548,95,2
548,95,3
548,95,4
548,95,5
549,170,1
549,170,2
549,170,3
549,170,4
549,170,5
550,89,1
550,89,2
550,89,3
550,89,4
550,89,5
551,168,1
551,168,2
551,168,3
551,168,4
551,168,5
552,48,1
552,48,2
552,48,3
552,48,4
552,48,5
553,20,1
553,20,2
553,20,3
553,20,4
553,20,5
554,143,1
554,143,2
554,143,3
554,143,4
554,143,5
555,63,1
555,63,2
555,63,3
555,63,4
555,63,5
556,156,1
556,156,2
556,156,3
556,156,4
556,156,5
557,123,1
557,123,2
557,123,3
557,123,4
557,123,5
558,50,1
558,50,2
558,50,3
558,50,4
558,50,5
559,198,1
559,198,2
559,198,3
559,198,4
559,198,5
560,171,1
560,171,2
560,171,3
560,171,4
560,171,5
561,86,1
561,86,2
561,86,3
561,86,4
561,86,5
562,113,1
562,113,2
562,113,3
562,113,4
562,113,5
563,91,1
563,91,2
563,91,3
563,91,4
563,91,5
564,71,1
564,71,2
564,71,3
564,71,4
564,71,5
565,87,1
565,87,2
565,87,3
565,87,4
565,87,5
566,149,1
566,149,2
566,149,3
566,149,4
566,149,5
567,197,1
567,197,2
567,197,3
567,197,4
567,197,5
568,99,1
568,99,2
568,99,3
568,99,4
568,99,5
569,46,1
569,46,2
569,46,3
569,46,4
569,46,5
570,199,1
570,199,2
570,199,3
570,199,4
570,199,5
571,151,1
571,151,2
571,151,3
571,151,4
571,151,5
572,150,1
572,150,2
572,150,3
572,150,4
572,150,5
573,155,1
573,155,2
573,155,3
573,155,4
573,155,5
574,45,1
574,45,2
574,45,3
574,45,4
574,45,5
575,105,1
575,105,2
575,105,3
575,105,4
575,105,5
576,112,1
576,112,2
576,112,3
576,112,4
576,112,5
577,114,1
577,114,2
577,114,3
577,114,4
577,114,5
578,89,1
578,89,2
578,89,3
578,89,4
578,89,5
579,147,1
579,147,2
579,147,3
579,147,4
579,147,5
580,75,1
580,75,2
580,75,3
580,75,4
580,75,5
581,167,1
581,167,2
581,167,3
581,167,4
581,167,5
582,37,1
582,37,2
582,37,3
582,37,4
582,37,5
583,44,1
583,44,2
583,44,3
583,44,4
583,44,5
584,88,1
584,88,2
584,88,3
584,88,4
584,88,5
585,132,1
585,132,2
585,132,3
585,132,4
585,132,5
586,176,1
586,176,2
586,176,3
586,176,4
586,176,5
587,185,1
587,185,2
587,185,3
587,185,4
587,185,5
588,162,1
588,162,2
588,162,3
588,162,4
588,162,5
589,103,1
589,103,2
589,103,3
589,103,4
589,103,5
590,10,1
590,10,2
590,10,3
590,10,4
590,10,5
591,88,1
591,88,2
591,88,3
591,88,4
591,88,5
592,162,1
592,162,2
592,162,3
592,162,4
592,162,5
593,192,1
593,192,2
593,192,3
593,192,4
593,192,5
594,151,1
594,151,2
594,151,3
594,151,4
594,151,5
595,3,1
595,3,2
595,3,3
595,3,4
595,3,5
596,58,1
596,58,2
596,58,3
596,58,4
596,58,5
597,24,1
597,24,2
597,24,3
597,24,4
597,24,5
598,14,1
598,14,2
598,14,3
598,14,4
598,14,5
599,191,1
599,191,2
599,191,3
599,191,4
599,191,5
600,2,1
600,2,2
600,2,3
600,2,4
600,2,5
601,98,1
601,98,2
601,98,3
601,98,4
601,98,5
602,111,1
602,111,2
602,111,3
602,111,4
602,111,5
603,184,1
603,184,2
603,184,3
603,184,4
603,184,5
604,76,1
604,76,2
604,76,3
604,76,4
604,76,5
605,180,1
605,180,2
605,180,3
605,180,4
605,180,5
606,172,1
606,172,2
606,172,3
606,172,4
606,172,5
607,192,1
607,192,2
607,192,3
607,192,4
607,192,5
608,14,1
608,14,2
608,14,3
608,14,4
608,14,5
609,97,1
609,97,2
609,97,3
609,97,4
609,97,5
610,47,1
610,47,2
610,47,3
610,47,4
610,47,5
611,67,1
611,67,2
611,67,3
611,67,4
611,67,5
612,83,1
612,83,2
612,83,3
612,83,4
612,83,5
613,38,1
613,38,2
613,38,3
613,38,4
613,38,5
614,52,1
614,52,2
614,52,3
614,52,4
614,52,5
615,58,1
615,58,2
615,58,3
615,58,4
615,58,5
616,92,1
616,92,2
616,92,3
616,92,4
616,92,5
617,28,1
617,28,2
617,28,3
617,28,4
617,28,5
618,48,1
618,48,2
618,48,3
618,48,4
618,48,5
619,45,1
619,45,2
619,45,3
619,45,4
619,45,5
620,183,1
620,183,2
620,183,3
620,183,4
620,183,5
621,92,1
621,92,2
621,92,3
621,92,4
621,92,5
622,48,1
622,48,2
622,48,3
622,48,4
622,48,5
623,76,1
623,76,2
623,76,3
623,76,4
623,76,5
624,63,1
624,63,2
624,63,3
624,63,4
624,63,5
625,13,1
625,13,2
625,13,3
625,13,4
625,13,5
626,54,1
626,54,2
626,54,3
626,54,4
626,54,5
627,161,1
627,161,2
627,161,3
627,161,4
627,161,5
628,27,1
628,27,2
628,27,3
628,27,4
628,27,5
629,160,1
629,160,2
629,160,3
629,160,4
629,160,5
630,138,1
630,138,2
630,138,3
630,138,4
630,138,5
631,137,1
631,137,2
631,137,3
631,137,4
631,137,5
632,184,1
632,184,2
632,184,3
632,184,4
632,184,5
633,79,1
633,79,2
633,79,3
633,79,4
633,79,5
634,79,1
634,79,2
634,79,3
634,79,4
634,79,5
635,181,1
635,181,2
635,181,3
635,181,4
635,181,5
636,50,1
636,50,2
636,50,3
636,50,4
636,50,5
637,83,1
637,83,2
637,83,3
637,83,4
637,83,5
638,74,1
638,74,2
638,74,3
638,74,4
638,74,5
639,99,1
639,99,2
639,99,3
639,99,4
639,99,5
640,151,1
640,151,2
640,151,3
640,151,4
640,151,5
641,6,1
641,6,2
641,6,3
641,6,4
641,6,5
642,197,1
642,197,2
642,197,3
642,197,4
642,197,5
643,151,1
643,151,2
643,151,3
643,151,4
643,151,5
644,183,1
644,183,2
644,183,3
644,183,4
644,183,5
645,195,1
645,195,2
645,195,3
645,195,4
645,195,5
646,156,1
646,156,2
646,156,3
646,156,4
646,156,5
647,121,1
647,121,2
647,121,3
647,121,4
647,121,5
648,173,1
648,173,2
648,173,3
648,173,4
648,173,5
649,29,1
649,29,2
649,29,3
649,29,4
649,29,5
650,119,1
650,119,2
650,119,3
650,119,4
650,119,5
651,105,1
651,105,2
651,105,3
651,105,4
651,105,5
652,45,1
652,45,2
652,45,3
652,45,4
652,45,5
653,4,1
653,4,2
653,4,3
653,4,4
653,4,5
654,124,1
654,124,2
654,124,3
654,124,4
654,124,5
655,198,1
655,198,2
655,198,3
655,198,4
655,198,5
656,99,1
656,99,2
656,99,3
656,99,4
656,99,5
657,92,1
657,92,2
657,92,3
657,92,4
657,92,5
658,156,1
658,156,2
658,156,3
658,156,4
658,156,5
659,82,1
659,82,2
659,82,3
659,82,4
659,82,5
660,72,1
660,72,2
660,72,3
660,72,4
660,72,5
661,29,1
661,29,2
661,29,3
661,29,4
661,29,5
662,133,1
662,133,2
662,133,3
662,133,4
662,133,5
663,44,1
663,44,2
663,44,3
663,44,4
663,44,5
664,150,1
664,150,2
664,150,3
664,150,4
664,150,5
665,116,1
665,116,2
665,116,3
665,116,4
665,116,5
666,10,1
666,10,2
666,10,3
666,10,4
666,10,5
667,53,1
667,53,2
667,53,3
667,53,4
667,53,5
668,133,1
668,133,2
668,133,3
668,133,4
668,133,5
669,181,1
669,181,2
669,181,3
669,181,4
669,181,5
670,30,1
670,30,2
670,30,3
670,30,4
670,30,5
671,88,1
671,88,2
671,88,3
671,88,4
671,88,5
672,135,1
672,135,2
672,135,3
672,135,4
672,135,5
673,88,1
673,88,2
673,88,3
673,88,4
673,88,5
674,191,1
674,191,2
674,191,3
674,191,4
674,191,5
675,22,1
675,22,2
675,22,3
675,22,4
675,22,5
676,129,1
676,129,2
676,129,3
676,129,4
676,129,5
677,176,1
677,176,2
677,176,3
677,176,4
677,176,5
678,8,1
678,8,2
678,8,3
678,8,4
678,8,5
679,16,1
679,16,2
679,16,3
679,16,4
679,16,5
680,42,1
680,42,2
680,42,3
680,42,4
680,42,5
681,31,1
681,31,2
681,31,3
681,31,4
681,31,5
682,71,1
682,71,2
682,71,3
682,71,4
682,71,5
683,104,1
683,104,2
683,104,3
683,104,4
683,104,5
684,104,1
684,104,2
684,104,3
684,104,4
684,104,5
685,151,1
685,151,2
685,151,3
685,151,4
685,151,5
686,111,1
686,111,2
686,111,3
686,111,4
686,111,5
687,151,1
687,151,2
687,151,3
687,151,4
687,151,5
688,1,1
688,1,2
688,1,3
688,1,4
688,1,5
689,18,1
689,18,2
689,18,3
689,18,4
689,18,5
690,12,1
690,12,2
690,12,3
690,12,4
690,12,5
691,77,1
691,77,2
691,77,3
691,77,4
691,77,5
692,52,1
692,52,2
692,52,3
692,52,4
692,52,5
693,166,1
693,166,2
693,166,3
693,166,4
693,166,5
694,197,1
694,197,2
694,197,3
694,197,4
694,197,5
695,181,1
695,181,2
695,181,3
695,181,4
695,181,5
696,149,1
696,149,2
696,149,3
696,149,4
696,149,5
697,26,1
697,26,2
697,26,3
697,26,4
697,26,5
698,62,1
698,62,2
698,62,3
698,62,4
698,62,5
699,37,1
699,37,2
699,37,3
699,37,4
699,37,5
700,145,1
700,145,2
700,145,3
700,145,4
700,145,5
701,84,1
701,84,2
701,84,3
701,84,4
701,84,5
702,123,1
702,123,2
702,123,3
702,123,4
702,123,5
703,118,1
703,118,2
703,118,3
703,118,4
703,118,5
704,129,1
704,129,2
704,129,3
704,129,4
704,129,5
705,177,1
705,177,2
705,177,3
705,177,4
705,177,5
706,128,1
706,128,2
706,128,3
706,128,4
706,128,5
707,192,1
707,192,2
707,192,3
707,192,4
707,192,5
708,170,1
708,170,2
708,170,3
708,170,4
708,170,5
709,159,1
709,159,2
709,159,3
709,159,4
709,159,5
710,60,1
710,60,2
710,60,3
710,60,4
710,60,5
711,83,1
711,83,2
711,83,3
711,83,4
711,83,5
712,127,1
712,127,2
712,127,3
712,127,4
712,127,5
713,18,1
713,18,2
713,18,3
713,18,4
713,18,5
714,62,1
714,62,2
714,62,3
714,62,4
714,62,5
715,178,1
715,178,2
715,178,3
715,178,4
715,178,5
716,155,1
716,155,2
716,155,3
716,155,4
716,155,5
717,113,1
717,113,2
717,113,3
717,113,4
717,113,5
718,141,1
718,141,2
718,141,3
718,141,4
718,141,5
719,151,1
719,151,2
719,151,3
719,151,4
719,151,5
720,48,1
720,48,2
720,48,3
720,48,4
720,48,5
721,66,1
721,66,2
721,66,3
721,66,4
721,66,5
722,130,1
722,130,2
722,130,3
722,130,4
722,130,5
723,145,1
723,145,2
723,145,3
723,145,4
723,145,5
724,184,1
724,184,2
724,184,3
724,184,4
724,184,5
725,49,1
725,49,2
725,49,3
725,49,4
725,49,5
726,107,1
726,107,2
726,107,3
726,107,4
726,107,5
727,105,1
727,105,2
727,105,3
727,105,4
727,105,5
728,96,1
728,96,2
728,96,3
728,96,4
728,96,5
729,176,1
729,176,2
729,176,3
729,176,4
729,176,5
730,136,1
730,136,2
730,136,3
730,136,4
730,136,5
731,153,1
731,153,2
731,153,3
731,153,4
731,153,5
732,145,1
732,145,2
732,145,3
732,145,4
732,145,5
733,24,1
733,24,2
733,24,3
733,24,4
733,24,5
734,18,1
734,18,2
734,18,3
734,18,4
734,18,5
735,171,1
735,171,2
735,171,3
735,171,4
735,171,5
736,42,1
736,42,2
736,42,3
736,42,4
736,42,5
737,109,1
737,109,2
737,109,3
737,109,4
737,109,5
738,39,1
738,39,2
738,39,3
738,39,4
738,39,5
739,190,1
739,190,2
739,190,3
739,190,4
739,190,5
740,72,1
740,72,2
740,72,3
740,72,4
740,72,5
741,44,1
741,44,2
741,44,3
741,44,4
741,44,5
742,116,1
742,116,2
742,116,3
742,116,4
742,116,5
743,96,1
743,96,2
743,96,3
743,96,4
743,96,5
744,29,1
744,29,2
744,29,3
744,29,4
744,29,5
745,156,1
745,156,2
745,156,3
745,156,4
745,156,5
746,13,1
746,13,2
746,13,3
746,13,4
746,13,5
747,83,1
747,83,2
747,83,3
747,83,4
747,83,5
748,6,1
748,6,2
748,6,3
748,6,4
748,6,5
749,159,1
749,159,2
749,159,3
749,159,4
749,159,5
750,81,1
750,81,2
750,81,3
750,81,4
750,81,5
751,119,1
751,119,2
751,119,3
751,119,4
751,119,5
752,114,1
752,114,2
752,114,3
752,114,4
752,114,5
753,136,1
753,136,2
753,136,3
753,136,4
753,136,5
754,141,1
754,141,2
754,141,3
754,141,4
754,141,5
755,111,1
755,111,2
755,111,3
755,111,4
755,111,5
756,37,1
756,37,2
756,37,3
756,37,4
756,37,5
757,32,1
757,32,2
757,32,3
757,32,4
757,32,5
758,134,1
758,134,2
758,134,3
758,134,4
758,134,5
759,9,1
759,9,2
759,9,3
759,9,4
759,9,5
760,40,1
760,40,2
760,40,3
760,40,4
760,40,5
761,145,1
761,145,2
761,145,3
761,145,4
761,145,5
762,134,1
762,134,2
762,134,3
762,134,4
762,134,5
763,25,1
763,25,2
763,25,3
763,25,4
763,25,5
764,155,1
764,155,2
764,155,3
764,155,4
764,155,5
765,184,1
765,184,2
765,184,3
765,184,4
765,184,5
766,81,1
766,81,2
766,81,3
766,81,4
766,81,5
767,22,1
767,22,2
767,22,3
767,22,4
767,22,5
768,177,1
768,177,2
768,177,3
768,177,4
768,177,5
769,31,1
769,31,2
769,31,3
769,31,4
769,31,5
770,119,1
770,119,2
770,119,3
770,119,4
770,119,5
771,174,1
771,174,2
771,174,3
771,174,4
771,174,5
772,25,1
772,25,2
772,25,3
772,25,4
772,25,5
773,169,1
773,169,2
773,169,3
773,169,4
773,169,5
774,97,1
774,97,2
774,97,3
774,97,4
774,97,5
775,11,1
775,11,2
775,11,3
775,11,4
775,11,5
776,19,1
776,19,2
776,19,3
776,19,4
776,19,5
777,111,1
777,111,2
777,111,3
777,111,4
777,111,5
778,64,1
778,64,2
778,64,3
778,64,4
778,64,5
779,85,1
779,85,2
779,85,3
779,85,4
779,85,5
780,128,1
780,128,2
780,128,3
780,128,4
780,128,5
781,52,1
781,52,2
781,52,3
781,52,4
781,52,5
782,99,1
782,99,2
782,99,3
782,99,4
782,99,5
783,1,1
783,1,2
783,1,3
783,1,4
783,1,5
784,90,1
784,90,2
784,90,3
784,90,4
784,90,5
785,186,1
785,186,2
785,186,3
785,186,4
785,186,5
786,5,1
786,5,2
786,5,3
786,5,4
786,5,5
787,1,1
787,1,2
787,1,3
787,1,4
787,1,5
788,161,1
788,161,2
788,161,3
788,161,4
788,161,5
789,21,1
789,21,2
789,21,3
789,21,4
789,21,5
790,5,1
790,5,2
790,5,3
790,5,4
790,5,5
791,161,1
791,161,2
791,161,3
791,161,4
791,161,5
792,57,1
792,57,2
792,57,3
792,57,4
792,57,5
793,40,1
793,40,2
793,40,3
793,40,4
793,40,5
794,64,1
794,64,2
794,64,3
794,64,4
794,64,5
795,124,1
795,124,2
795,124,3
795,124,4
795,124,5
796,156,1
796,156,2
796,156,3
796,156,4
796,156,5
797,63,1
797,63,2
797,63,3
797,63,4
797,63,5
798,137,1
798,137,2
798,137,3
798,137,4
798,137,5
799,104,1
799,104,2
799,104,3
799,104,4
799,104,5
800,19,1
800,19,2
800,19,3
800,19,4
800,19,5
801,137,1
801,137,2
801,137,3
801,137,4
801,137,5
802,131,1
802,131,2
802,131,3
802,131,4
802,131,5
803,79,1
803,79,2
803,79,3
803,79,4
803,79,5
804,117,1
804,117,2
804,117,3
804,117,4
804,117,5
805,24,1
805,24,2
805,24,3
805,24,4
805,24,5
806,73,1
806,73,2
806,73,3
806,73,4
806,73,5
807,4,1
807,4,2
807,4,3
807,4,4
807,4,5
808,64,1
808,64,2
808,64,3
808,64,4
808,64,5
809,38,1
809,38,2
809,38,3
809,38,4
809,38,5
810,163,1
810,163,2
810,163,3
810,163,4
810,163,5
811,161,1
811,161,2
811,161,3
811,161,4
811,161,5
812,64,1
812,64,2
812,64,3
812,64,4
812,64,5
813,132,1
813,132,2
813,132,3
813,132,4
813,132,5
814,148,1
814,148,2
814,148,3
814,148,4
814,148,5
815,25,1
815,25,2
815,25,3
815,25,4
815,25,5
816,191,1
816,191,2
816,191,3
816,191,4
816,191,5
817,54,1
817,54,2
817,54,3
817,54,4
817,54,5
818,25,1
818,25,2
818,25,3
818,25,4
818,25,5
819,64,1
819,64,2
819,64,3
819,64,4
819,64,5
820,163,1
820,163,2
820,163,3
820,163,4
820,163,5
821,181,1
821,181,2
821,181,3
821,181,4
821,181,5
822,144,1
822,144,2
822,144,3
822,144,4
822,144,5
823,65,1
823,65,2
823,65,3
823,65,4
823,65,5
824,104,1
824,104,2
824,104,3
824,104,4
824,104,5
825,97,1
825,97,2
825,97,3
825,97,4
825,97,5
826,43,1
826,43,2
826,43,3
826,43,4
826,43,5
827,72,1
827,72,2
827,72,3
827,72,4
827,72,5
828,31,1
828,31,2
828,31,3
828,31,4
828,31,5
829,104,1
829,104,2
829,104,3
829,104,4
829,104,5
830,7,1
830,7,2
830,7,3
830,7,4
830,7,5
831,120,1
831,120,2
831,120,3
831,120,4
831,120,5
832,52,1
832,52,2
832,52,3
832,52,4
832,52,5
833,4,1
833,4,2
833,4,3
833,4,4
833,4,5
834,44,1
834,44,2
834,44,3
834,44,4
834,44,5
835,18,1
835,18,2
835,18,3
835,18,4
835,18,5
836,128,1
836,128,2
836,128,3
836,128,4
836,128,5
837,22,1
837,22,2
837,22,3
837,22,4
837,22,5
838,167,1
838,167,2
838,167,3
838,167,4
838,167,5
839,120,1
839,120,2
839,120,3
839,120,4
839,120,5
840,142,1
840,142,2
840,142,3
840,142,4
840,142,5
841,16,1
841,16,2
841,16,3
841,16,4
841,16,5
842,77,1
842,77,2
842,77,3
842,77,4
842,77,5
843,105,1
843,105,2
843,105,3
843,105,4
843,105,5
844,176,1
844,176,2
844,176,3
844,176,4
844,176,5
845,94,1
845,94,2
845,94,3
845,94,4
845,94,5
846,2,1
846,2,2
846,2,3
846,2,4
846,2,5
847,42,1
847,42,2
847,42,3
847,42,4
847,42,5
848,9,1
848,9,2
848,9,3
848,9,4
848,9,5
849,92,1
849,92,2
849,92,3
849,92,4
849,92,5
850,2,1
850,2,2
850,2,3
850,2,4
850,2,5
851,168,1
851,168,2
851,168,3
851,168,4
851,168,5
852,148,1
852,148,2
852,148,3
852,148,4
852,148,5
853,28,1
853,28,2
853,28,3
853,28,4
853,28,5
854,171,1
854,171,2
854,171,3
854,171,4
854,171,5
855,172,1
855,172,2
855,172,3
855,172,4
855,172,5
856,116,1
856,116,2
856,116,3
856,116,4
856,116,5
857,137,1
857,137,2
857,137,3
857,137,4
857,137,5
858,70,1
858,70,2
858,70,3
858,70,4
858,70,5
859,49,1
859,49,2
859,49,3
859,49,4
859,49,5
860,155,1
860,155,2
860,155,3
860,155,4
860,155,5
861,36,1
861,36,2
861,36,3
861,36,4
861,36,5
862,178,1
862,178,2
862,178,3
862,178,4
862,178,5
863,187,1
863,187,2
863,187,3
863,187,4
863,187,5
864,183,1
864,183,2
864,183,3
864,183,4
864,183,5
865,1,1
865,1,2
865,1,3
865,1,4
865,1,5
866,21,1
866,21,2
866,21,3
866,21,4
866,21,5
867,77,1
867,77,2
867,77,3
867,77,4
867,77,5
868,123,1
868,123,2
868,123,3
868,123,4
868,123,5
869,1,1
869,1,2
869,1,3
869,1,4
869,1,5
870,81,1
870,81,2
870,81,3
870,81,4
870,81,5
871,67,1
871,67,2
871,67,3
871,67,4
871,67,5
872,163,1
872,163,2
872,163,3
872,163,4
872,163,5
873,24,1
873,24,2
873,24,3
873,24,4
873,24,5
874,44,1
874,44,2
874,44,3
874,44,4
874,44,5
875,33,1
875,33,2
875,33,3
875,33,4
875,33,5
876,25,1
876,25,2
876,25,3
876,25,4
876,25,5
877,176,1
877,176,2
877,176,3
877,176,4
877,176,5
878,103,1
878,103,2
878,103,3
878,103,4
878,103,5
879,174,1
879,174,2
879,174,3
879,174,4
879,174,5
880,117,1
880,117,2
880,117,3
880,117,4
880,117,5
881,165,1
881,165,2
881,165,3
881,165,4
881,165,5
882,83,1
882,83,2
882,83,3
882,83,4
882,83,5
883,84,1
883,84,2
883,84,3
883,84,4
883,84,5
884,71,1
884,71,2
884,71,3
884,71,4
884,71,5
885,51,1
885,51,2
885,51,3
885,51,4
885,51,5
886,181,1
886,181,2
886,181,3
886,181,4
886,181,5
887,133,1
887,133,2
887,133,3
887,133,4
887,133,5
888,177,1
888,177,2
888,177,3
888,177,4
888,177,5
889,57,1
889,57,2
889,57,3
889,57,4
889,57,5
890,2,1
890,2,2
890,2,3
890,2,4
890,2,5
891,44,1
891,44,2
891,44,3
891,44,4
891,44,5
892,156,1
892,156,2
892,156,3
892,156,4
892,156,5
893,101,1
893,101,2
893,101,3
893,101,4
893,101,5
894,12,1
894,12,2
894,12,3
894,12,4
894,12,5
895,95,1
895,95,2
895,95,3
895,95,4
895,95,5
896,146,1
896,146,2
896,146,3
896,146,4
896,146,5
897,143,1
897,143,2
897,143,3
897,143,4
897,143,5
898,96,1
898,96,2
898,96,3
898,96,4
898,96,5
899,69,1
899,69,2
899,69,3
899,69,4
899,69,5
900,142,1
900,142,2
900,142,3
900,142,4
900,142,5
901,34,1
901,34,2
901,34,3
901,34,4
901,34,5
902,192,1
902,192,2
902,192,3
902,192,4
902,192,5
903,178,1
903,178,2
903,178,3
903,178,4
903,178,5
904,57,1
904,57,2
904,57,3
904,57,4
904,57,5
905,174,1
905,174,2
905,174,3
905,174,4
905,174,5
906,5,1
906,5,2
906,5,3
906,5,4
906,5,5
907,158,1
907,158,2
907,158,3
907,158,4
907,158,5
908,140,1
908,140,2
908,140,3
908,140,4
908,140,5
909,2,1
909,2,2
909,2,3
909,2,4
909,2,5
910,198,1
910,198,2
910,198,3
910,198,4
910,198,5
911,183,1
911,183,2
911,183,3
911,183,4
911,183,5
912,35,1
912,35,2
912,35,3
912,35,4
912,35,5
913,2,1
913,2,2
913,2,3
913,2,4
913,2,5
914,199,1
914,199,2
914,199,3
914,199,4
914,199,5
915,137,1
915,137,2
915,137,3
915,137,4
915,137,5
916,81,1
916,81,2
916,81,3
916,81,4
916,81,5
917,180,1
917,180,2
917,180,3
917,180,4
917,180,5
918,120,1
918,120,2
918,120,3
918,120,4
918,120,5
919,153,1
919,153,2
919,153,3
919,153,4
919,153,5
920,8,1
920,8,2
920,8,3
920,8,4
920,8,5
921,191,1
921,191,2
921,191,3
921,191,4
921,191,5
922,161,1
922,161,2
922,161,3
922,161,4
922,161,5
923,155,1
923,155,2
923,155,3
923,155,4
923,155,5
924,101,1
924,101,2
924,101,3
924,101,4
924,101,5
925,184,1
925,184,2
925,184,3
925,184,4
925,184,5
926,31,1
926,31,2
926,31,3
926,31,4
926,31,5
927,182,1
927,182,2
927,182,3
927,182,4
927,182,5
928,167,1
928,167,2
928,167,3
928,167,4
928,167,5
929,81,1
929,81,2
929,81,3
929,81,4
929,81,5
930,42,1
930,42,2
930,42,3
930,42,4
930,42,5
931,167,1
931,167,2
931,167,3
931,167,4
931,167,5
932,171,1
932,171,2
932,171,3
932,171,4
932,171,5
933,108,1
933,108,2
933,108,3
933,108,4
933,108,5
934,82,1
934,82,2
934,82,3
934,82,4
934,82,5
935,120,1
935,120,2
935,120,3
935,120,4
935,120,5
936,104,1
936,104,2
936,104,3
936,104,4
936,104,5
937,174,1
937,174,2
937,174,3
937,174,4
937,174,5
938,134,1
938,134,2
938,134,3
938,134,4
938,134,5
939,191,1
939,191,2
939,191,3
939,191,4
939,191,5
940,165,1
940,165,2
940,165,3
940,165,4
940,165,5
941,12,1
941,12,2
941,12,3
941,12,4
941,12,5
942,49,1
942,49,2
942,49,3
942,49,4
942,49,5
943,12,1
943,12,2
943,12,3
943,12,4
943,12,5
944,62,1
944,62,2
944,62,3
944,62,4
944,62,5
945,196,1
945,196,2
945,196,3
945,196,4
945,196,5
946,66,1
946,66,2
946,66,3
946,66,4
946,66,5
947,121,1
947,121,2
947,121,3
947,121,4
947,121,5
948,20,1
948,20,2
948,20,3
948,20,4
948,20,5
949,95,1
949,95,2
949,95,3
949,95,4
949,95,5
950,28,1
950,28,2
950,28,3
950,28,4
950,28,5
951,112,1
951,112,2
951,112,3
951,112,4
951,112,5
952,61,1
952,61,2
952,61,3
952,61,4
952,61,5
953,197,1
953,197,2
953,197,3
953,197,4
953,197,5
954,74,1
954,74,2
954,74,3
954,74,4
954,74,5
955,67,1
955,67,2
955,67,3
955,67,4
955,67,5
956,56,1
956,56,2
956,56,3
956,56,4
956,56,5
957,161,1
957,161,2
957,161,3
957,161,4
957,161,5
958,58,1
958,58,2
958,58,3
958,58,4
958,58,5
959,199,1
959,199,2
959,199,3
959,199,4
959,199,5
960,36,1
960,36,2
960,36,3
960,36,4
960,36,5
961,193,1
961,193,2
961,193,3
961,193,4
961,193,5
962,142,1
962,142,2
962,142,3
962,142,4
962,142,5
963,55,1
963,55,2
963,55,3
963,55,4
963,55,5
964,195,1
964,195,2
964,195,3
964,195,4
964,195,5
965,166,1
965,166,2
965,166,3
965,166,4
965,166,5
966,66,1
966,66,2
966,66,3
966,66,4
966,66,5
967,6,1
967,6,2
967,6,3
967,6,4
967,6,5
968,116,1
968,116,2
968,116,3
968,116,4
968,116,5
969,62,1
969,62,2
969,62,3
969,62,4
969,62,5
970,24,1
970,24,2
970,24,3
970,24,4
970,24,5
971,108,1
971,108,2
971,108,3
971,108,4
971,108,5
972,120,1
972,120,2
972,120,3
972,120,4
972,120,5
973,10,1
973,10,2
973,10,3
973,10,4
973,10,5
974,155,1
974,155,2
974,155,3
974,155,4
974,155,5
975,19,1
975,19,2
975,19,3
975,19,4
975,19,5
976,42,1
976,42,2
976,42,3
976,42,4
976,42,5
977,144,1
977,144,2
977,144,3
977,144,4
977,144,5
978,94,1
978,94,2
978,94,3
978,94,4
978,94,5
979,77,1
979,77,2
979,77,3
979,77,4
979,77,5
980,8,1
980,8,2
980,8,3
980,8,4
980,8,5
981,59,1
981,59,2
981,59,3
981,59,4
981,59,5
982,92,1
982,92,2
982,92,3
982,92,4
982,92,5
983,101,1
983,101,2
983,101,3
983,101,4
983,101,5
984,99,1
984,99,2
984,99,3
984,99,4
984,99,5
985,54,1
985,54,2
985,54,3
985,54,4
985,54,5
986,96,1
986,96,2
986,96,3
986,96,4
986,96,5
987,53,1
987,53,2
987,53,3
987,53,4
987,53,5
988,43,1
988,43,2
988,43,3
988,43,4
988,43,5
989,114,1
989,114,2
989,114,3
989,114,4
989,114,5
990,112,1
990,112,2
990,112,3
990,112,4
990,112,5
991,74,1
991,74,2
991,74,3
991,74,4
991,74,5
992,176,1
992,176,2
992,176,3
992,176,4
992,176,5
993,135,1
993,135,2
993,135,3
993,135,4
993,135,5
994,13,1
994,13,2
994,13,3
994,13,4
994,13,5
995,60,1
995,60,2
995,60,3
995,60,4
995,60,5
996,88,1
996,88,2
996,88,3
996,88,4
996,88,5
997,111,1
997,111,2
997,111,3
997,111,4
997,111,5
998,91,1
998,91,2
998,91,3
998,91,4
998,91,5
999,4,1
999,4,2
999,4,3
999,4,4
999,4,5
1000,165,1
1000,165,2
1000,165,3
1000,165,4
1000,165,5
